Time (min),Inter-event Time (log10[min]),Magnitude (M),Instantaneous Injection Rate (log10[m3/min]),Sequential Volume Change (log10[m3]),Sign of Sequential Volume Change (-),Time Since Injection Sign Change (log10[min]),Cumulative Volume (log10[m3]),Cumulative Moment (M),Pressure (log10[MPa]),Instantaneous Pressure Rate (log10[MPa/min]),Sequential Pressure Change (log10[MPa]),Sign of Pressure Change (-),Cumulative Hydraulic Moment (M),Sequential Hydraulic Moment Change (M),Smoothed Causal Seismicity Rate log10[1/min]
36.6512700833333,1.56408902892601,-0.91,0.502117365278038,1.59294844790049,1,-Inf,1.59294844790049,-0.91,1.52044660028031,-1.06095605570623,1.21573344647915,1,3.07105659782013,3.07022217104189,-1.1564089028926
37.7280276,0.0321179121833803,-1.29,0.502731985352974,0.53258535425791,1,-Inf,1.6291874097889,-0.84099056995258,1.51547422748657,0.174769996780009,-0.423257843772831,-1,3.09754043799251,2.39192472024536,-0.159620694110939
41.4436978,0.570037159391451,-1.28,0.600538744396322,1.15010293747868,1,-Inf,1.75363617337352,-0.783529873859449,1.58623722181567,-1.04850073905775,0.763357924185563,1,3.19579356782422,2.83515717554026,-0.216624410050084
42.0237661333333,-0.236520842572349,-1.18,0.600736912690328,0.364238276923386,1,-Inf,1.77100118110355,-0.717935892852984,1.58676884237094,-0.239600412917465,-1.32567948736764,1,3.20981396339627,2.3262101971439,-0.192972325792849
47.0933999333333,0.70497658963252,-1.29,0.600763920888967,1.30565711625654,1,-Inf,1.89891429154589,-0.680343694170528,1.59609227994669,-0.7274072241793,-0.0767693429667602,1,3.31061481485706,2.95618927218569,-0.263469984756102
50.2065813666667,0.493204431700631,-1.2,0.67673949309042,1.11656945591487,1,-Inf,1.96526447107644,-0.635839306380646,1.60371993497772,-1.29335367636006,-0.155481578515791,1,3.36199369790558,2.83607845729633,-0.312790427926165
50.25136985,-1.34883364376464,-1.11,0.6764361626128,-0.673004201307229,1,-Inf,1.96626220944652,-0.58439930625313,1.60371422642482,-2.3065298290227,-3.27754120038091,-1,3.36276487229452,1.64601906786497,-0.1779070635497
51.8091983166667,0.192519635569297,-1.24,0.675547571684485,0.868427300348902,1,-Inf,1.99961752161943,-0.555780524868529,1.60405383887018,-0.571992575870103,-1.50291667067291,1,3.38838053859527,2.67354219847088,-0.19715902710663
52.2241477333333,-0.382004841604707,-1.28,0.675645293383958,0.293686275561459,1,-Inf,2.00808226543934,-0.532969578101579,1.60432665034856,-0.53394439215147,-1.59773142049267,1,3.39484470825088,2.29083176612265,-0.158958542946159
52.26535925,-1.3849814022712,-1.29,0.675767267118512,-0.708898463256876,1,-Inf,2.00891477123039,-0.512518380810398,1.60415703733063,-0.463877279903081,-1.80408328306033,-1,3.39547863882792,1.62206082991247,-0.0204604027190393
55.3317497833333,0.486627465479455,-1.28,0.674598295129929,1.16244484095979,1,-Inf,2.06673546873575,-0.492768080783247,1.60353680817581,-1.0110133490921,-1.24138517458059,-1,3.43911770038089,2.86969374519988,0.0872857536256166
55.3391201666667,-2.13250992391556,-1.15,0.674616368217948,-1.457648894605,1,-Inf,2.06686528677261,-0.464302435216839,1.6035507951592,-0.93436278169352,-2.88851645043488,1,3.4392148200253,1.12290894912652,0.303748537235511
57.66986815,0.36749531712217,-1.22,0.675251083922908,1.04341666150599,1,-Inf,2.10617783083278,-0.44376014327609,1.6019154724035,-0.35552678502432,-0.821447440901869,-1,3.46841876002862,2.78977178103689,0.324002721462439
59.46609975,0.25436233239662,-1.19,0.676546782169323,0.930373521258295,1,-Inf,2.13422449433121,-0.422560124864856,1.59872609636364,-0.295531890953171,-0.533756823720419,-1,3.48895940152245,2.71269709740178,0.274914403965542
59.6582913833333,-0.716265522371183,-1.14,0.675838036643621,-0.040476343899529,1,-Inf,2.13711940531157,-0.399229943556431,1.59933697959813,-0.317678652543409,-1.25279453130827,1,3.49106755330823,2.06481999992673,0.417038615165913
60.6281852166667,-0.0132758019408924,-1.16,0.74304756578135,0.720904801628156,1,-Inf,2.15346391227379,-0.379032256294741,1.60565490316086,-0.998442137529547,-0.234710173031531,1,3.50311242599162,2.57651697558118,0.467686638530065
60.9016280833333,-0.563133401628201,-1.26,0.743655582233956,0.180198527932271,1,-Inf,2.15805821649771,-0.365540049594209,1.6049760393811,-0.494767769498665,-1.20068615795985,-1,3.50648430949577,2.2155863435879,0.389116614316421
61.19276575,-0.535901602987049,-1.29,0.74278336400373,0.206865519141791,1,-Inf,2.16289073044841,-0.353892405082118,1.60504077405467,-0.856024661934917,-2.22163894184928,1,3.51002880996779,2.23349969194537,0.461958738172055
61.8394075,-0.189336258881169,-1.28,0.742898977920217,0.554124347780116,1,-Inf,2.17345225143561,-0.342309551702188,1.6048000038947,-1.28895863733588,-1.65126125545184,-1,3.51776835056494,2.46525528751924,0.442691879899702
62.0425462166667,-0.692207295540354,-1.18,0.743892488158201,0.0514367469564142,1,-Inf,2.17671914013438,-0.326699748453143,1.60375599648,-0.65204602731205,-1.01480262344172,-1,3.5201503617798,2.12912733914212,0.373414469226617
62.6089870333333,-0.246845459741978,-1.26,0.743192440382325,0.496573198748149,1,-Inf,2.18569636340095,-0.315395622277916,1.6048251551301,-0.546302267799007,-1.00445147183323,1,3.52670160205516,2.42651914226296,0.44676176174876
64.2174378,0.206407772050404,-1.26,0.742754924628764,0.949787894418277,1,-Inf,2.21021843277598,-0.304516309779536,1.6032101676449,-0.29493513462495,-0.825597238419666,-1,3.54448569135146,2.72786487947049,0.212869992152163
69.2767922666667,0.704095107857762,-1.24,0.743933055134761,1.44796767310413,1,-Inf,2.27947267481223,-0.293295486549764,1.59793364935835,-0.695708590338856,-0.314862284056447,-1,3.59394923794315,3.05796427939763,0.179210013078604
69.4864643333333,-0.678459424091546,-1.21,0.744641751512317,0.0659546856131475,1,-Inf,2.28212081869035,-0.281338070086621,1.59902269426149,-0.450157028344821,-1.00226023889082,1,3.59582216736065,2.13543844666338,0.272492188727421
70.8570310833333,0.136900191609,-1.08,0.807516778708207,0.918641159492164,1,-Inf,2.30053137266009,-0.263543564446885,1.60325335083275,-1.22089121927342,-0.410236799183746,1,3.60896139795574,2.70700121528811,0.187175617329402
71.1630699166667,-0.514223462301666,-1.26,0.806462396866365,0.292100349280274,1,-Inf,2.30477006813739,-0.254420347154838,1.60532523464971,0.0674173307248507,-0.717129208472218,1,3.61198768178225,2.28995359425992,0.23727038336548
72.3540157333333,0.0758920032477111,-1.15,0.805984891700344,0.881967466959956,1,-Inf,2.32087301496976,-0.241577658529563,1.60542794078962,-1.41591771624114,-2.02081131551897,1,3.62348695674877,2.68374128661821,0.173367842877889
72.7508153666667,-0.401428737831833,-1.16,0.805971850827584,0.404760273476278,1,-Inf,2.3261096298019,-0.229689544906017,1.60635132406805,-0.366821041183005,-1.06651259143025,1,3.62722676999834,2.36613011859396,0.159920556362367
72.9346693,-0.735527074488698,-1.23,0.806551079809197,0.0709740257953109,1,-Inf,2.32851645604599,-0.220685108403395,1.60792690443024,-0.673328763770669,-0.83320439969521,1,3.62895106089372,2.14470099851764,0.21453963792312
73.06996135,-0.868727722564011,-1.26,0.806292478093666,-0.0624417171758222,1,-Inf,2.33027820881965,-0.212800254445657,1.60636642568098,-1.51476009379865,-0.837379553838188,-1,3.63020848217941,2.05477183613672,0.232191680625485
73.6747699166667,-0.218382066002688,-1.19,0.806359167970522,0.587642495451486,1,-Inf,2.33806306076735,-0.203060055991473,1.60691890675892,-1.28732365989087,-1.28882420744462,1,3.63577834850823,2.48909902690724,0.229345341251557
74.0080022166667,-0.477252909330402,-1.08,0.804819223943322,0.327587160226429,1,-Inf,2.34228194164164,-0.189383235634711,1.60794452452408,-1.29936965994921,-1.01936695990105,1,3.63879561988158,2.31590250777211,0.297711409389637
75.0840423,0.0318284494402636,-1.24,0.806458678646051,0.837729490682049,1,-Inf,2.35566402217332,-0.181796319333862,1.60888636960604,-0.483496406469399,-1.05538930476787,1,3.64835290213938,2.65601497940345,0.364938075231387
75.34113795,-0.589905271458967,-1.17,0.805929445441955,0.216101583462099,1,-Inf,2.35880201489181,-0.172413541273877,1.6087208240526,-1.32144998805017,-1.8100631917717,-1,3.65059326535326,2.24189072661659,0.356082659968129
75.7907528,-0.34715935320734,-1.13,0.806873911095969,0.459415639529111,1,-Inf,2.36424296346957,-0.16200279391593,1.60903164307777,-0.205429424318924,-1.5364004744436,1,3.65447620032901,2.40418161301731,0.404488614449763
76.8924357666667,0.0420566347731207,-1.25,0.851444478405994,0.795821164376142,1,-Inf,2.37581904599986,-0.15532429680946,1.55210966109235,-1.72150445528329,0.698377169550831,-1,3.66236093300049,2.61515679418216,0.348860604742284
77.5931672333333,-0.1544483798764,-1.17,0.649107762688548,0.524875594587705,1,-Inf,2.3818975688497,-0.146749330933736,1.58578876871509,0.993211080537791,0.458634298090838,1,3.66639415253757,2.42701909043294,0.371894643054696
79.88697945,0.360557861427692,-1.1,0.81225079448688,1.15734803469156,1,-Inf,2.40705100713517,-0.136184338038646,1.6086114814001,-0.419693706281792,0.317833048977575,1,3.68426388481491,2.86899163461466,0.295695983128743
79.9976198833333,-0.956086131941537,-1.2,0.812173556548491,-0.143907445331216,1,-Inf,2.40827060292996,-0.128931325240231,1.60821145705005,-0.798399353551557,-1.42728639846697,-1,3.68512929559842,2.0017161981253,0.317751888874027
80.19379425,-0.707357740801614,-1.24,0.812204029388247,0.10485539294944,1,-Inf,2.41042483031476,-0.122758946989688,1.60835979271848,-0.642708652435708,-1.85825309134978,1,3.68665792185972,2.16763278774506,0.301614890697787
81.8441337333333,0.217573290015831,-0.97,0.858085372385838,1.05307713433277,1,-Inf,2.42909162656421,-0.107642666652045,1.61725710034707,-1.85894786207622,-0.0757096631374217,1,3.70001139871511,2.8026278586594,0.258019355095935
82.3948337,-0.259084949806148,-1.05,0.857164996905623,0.596867748835902,1,-Inf,2.43543593687318,-0.0966801758418789,1.61962201509831,-0.486693113025401,-0.645528726779983,1,3.70459979153225,2.50228698426032,0.23620255914351
82.5507593833333,-0.80708234400765,-1.3,0.857290268027449,0.0502125202165276,1,-Inf,2.43722105938841,-0.092178927174789,1.61989111053337,-0.982141998457369,-1.58812141108789,1,3.70589457032232,2.13891577172829,0.320093638488301
82.9763538333333,-0.371004044129569,-1.09,0.856839805018953,0.486000952069701,1,-Inf,2.44205327004102,-0.0830979433121743,1.61906196418821,0.122616054513786,-1.09967651725811,-1,3.70938857491055,2.42873027530068,0.298203515755361
83.42024755,-0.352721002386908,-1.3,0.839409518278909,0.48774248336249,1,-Inf,2.44685140268179,-0.078801455182596,1.6184606372209,0.447480300081189,-1.23991229510651,-1,3.71285559370815,2.42996591021596,0.298759680673318
83.5627602333333,-0.846146482626985,-1.16,0.871775306954365,0.0246157719651534,1,-Inf,2.44849096768696,-0.0719661381654007,1.62106954915508,-0.305593401117265,-0.601559145692772,1,3.71404540778877,2.12264140577566,0.387579992413329
84.56860165,0.00252951422333545,-1.07,0.85774117265579,0.8582520939651,1,-Inf,2.45950701446675,-0.0628917224284275,1.61978938950987,-0.713211544767887,-0.910090552035175,-1,3.72200254848397,2.67740907994175,0.371882203003355
85.6183867666667,0.0211004112637491,-1.11,0.857092842226803,0.878035143902744,1,-Inf,2.47074481768357,-0.0552135252335593,1.61863557296934,-0.64935498974902,-0.956434941844156,-1,3.73010728939602,2.69076176122012,0.405827948019749
85.74009345,-0.914685572508719,-1.14,0.857014909415526,-0.0577223005239973,1,-Inf,2.47202914249444,-0.0484614166599862,1.61894121943643,-0.399812121566779,-1.53377652590883,1,3.73103082279473,2.06640888128278,0.401687892076468
86.1967418666667,-0.340418043839179,-1.18,0.858177112480718,0.517676805469867,1,-Inf,2.47682681863059,-0.0427062008261364,1.61739317011877,-0.195926087046599,-0.829832094309569,-1,3.73447001787932,2.44926129530051,0.364993922380224
86.4699967,-0.563432147506611,-1.23,0.856872062704664,0.293870285482754,1,-Inf,2.47966739660359,-0.037950867415919,1.61784579528356,-1.71105861655466,-1.36442611300811,1,3.7365045066677,2.29999602371131,0.443094466132468
86.7137295666667,-0.613085903521301,-1.17,0.855028759608768,0.242417189290855,1,-Inf,2.48217512004102,-0.0322056913023469,1.61711636180692,-0.448713355294084,-1.15731749075419,-1,3.73829783163314,2.26537892679177,0.478494561503984
86.9312072833333,-0.662585235373627,-1.22,0.856059538719601,0.193485978743848,1,-Inf,2.48440345526827,-0.0274585043614929,1.61707451372573,-0.30358432112324,-2.3990133237081,-1,3.73988927136629,2.23249201235342,0.464044850640581
87.1734907166667,-0.615676280694911,-1.12,0.856016286857091,0.240243587451087,1,-Inf,2.4868717086023,-0.0208828386679597,1.61764265278074,-1.94015237819226,-1.2659710525065,1,3.74165412419059,2.26411577404291,0.488512074297116
88.07529475,-0.0448878266359089,-1.08,0.856185090002903,0.811343426362669,1,-Inf,2.49594389654681,-0.0135126611002754,1.62035246024451,-1.49053512582323,-0.585847615646319,1,3.74815455496872,2.64574314441425,0.457728756722016
88.4111471333333,-0.473851565439303,-1.11,0.855278613968223,0.382683729614679,1,-Inf,2.49927705912402,-0.00702501393018077,1.61982088995616,-0.472711284556805,-1.29213691064261,-1,3.75054408794867,2.36043012765144,0.420499265003247
88.6146273,-0.691477915318304,-1.23,0.856903691997372,0.165451298863217,1,-Inf,2.50128593787255,-0.00281706183758838,1.62046342698447,-1.63634572241453,-1.20974395284546,1,3.75198616511791,2.21612905845473,0.489900007957411
88.7738361666667,-0.798032749178919,-1.23,0.857877830361325,0.0598021527148317,1,-Inf,2.50285455149857,0.00133060800570798,1.61989623350442,-0.127353456133928,-1.26387322024428,-1,3.753110401927,2.14532496431754,0.571813324001678
89.3118677166667,-0.269192256695775,-1.29,0.856453537345465,0.587639665973535,1,-Inf,2.50810193844461,0.004658725584387,1.61858004686209,-0.334929681108674,-0.899228525981977,-1,3.75686324105216,2.49676677860753,0.507263992420384
89.3836312666667,-1.14409608574885,-1.27,0.856181238090525,-0.288298121459194,1,-Inf,2.50879542406844,0.00818291417924873,1.61884190619253,-0.275757099109032,-1.60100527511973,1,3.75735912931794,1.91290507353052,0.587631796611351
90.0975243833333,-0.146366805473952,-1.21,0.855405571648866,0.71007532728672,1,-Inf,2.51564454999173,0.0124605763620795,1.61730571431904,-0.766216994986714,-0.833264811286741,-1,3.76224442332653,2.57793697990167,0.545925262408085
90.5048345333333,-0.39007476734081,-1.07,0.856873701174829,0.466525420429102,1,-Inf,2.51950584606398,0.0192665104374849,1.61669004908498,-0.501051280866912,-1.23144176308312,-1,3.76498797471011,2.41469731305136,0.523624148790036
90.671995,-0.776866425094313,-1,0.856510801795301,0.0796845772697384,1,-Inf,2.52108046509154,0.027708530640948,1.61526650350153,-0.152577453827211,-0.86843446230715,-1,3.76610152754105,2.15555677897705,0.535052267762105
90.8483052833333,-0.753722356647503,-1.18,0.856304156023401,0.102589438660482,1,-Inf,2.52273420099224,0.0321425795121885,1.61537994517817,-0.589402735731966,-1.96768844907982,1,3.76727058812979,2.17078223293368,0.548856875357364
91.1267409666667,-0.555275107848499,-1.12,0.857020270817417,0.30161854963611,1,-Inf,2.52533655773792,0.0375061047574358,1.61562532781911,-1.65519193316909,-1.63243783276874,1,3.76911099183912,2.30367130920439,0.599895603478623
91.1267468166667,-5.23284413332632,-1.12,0.857020282888934,-4.37573915377115,1,-Inf,2.5253366122771,0.0427720753691337,1.61562532781911,-1.65512060586137,-Inf,0,3.76911103040337,-0.814561107311481,1.07579486026732
91.2356709166667,-0.962876019793864,-1.27,0.856875693821277,-0.106093862488719,1,-Inf,2.52635016643805,0.0458638940128857,1.61555729403974,-1.04683381538357,-2.18946840265746,-1,3.76982749863161,2.03180526114982,1.10293467071488
91.2966827333333,-1.21458604341342,-1.09,0.856669488035186,-0.357999238923329,1,-Inf,2.52691660349367,0.0515346014147996,1.61549613026132,-0.685249065296102,-2.23576329250563,-1,3.77022780829436,1.86382969057206,1.14459000013833
91.5747804,-0.555802654997911,-1.3,0.881775482311802,0.31475667973122,1,-Inf,2.52957301592716,0.0542408015978187,1.61844382261984,0.497257174441754,-0.551331345651103,1,3.77211123258673,2.31334010786748,1.17325103996854
91.6071396,-1.49000222376803,-1.28,0.889682838985147,-0.595339196808425,1,-Inf,2.5298986345829,0.0571127465454471,1.61961603478586,0.430475035215215,-0.949748026292638,1,3.77234385329975,1.70886443761398,1.20784165377046
91.6832715666667,-1.11843295122011,-1.26,0.895855210127485,-0.221371996940031,1,-Inf,2.53066799341465,0.0601587990861165,1.62114041068491,0.215036205318263,-0.834313791829653,1,3.7728954144015,1.95922006309208,1.30504826834508
91.8137516666667,-0.884455719124192,-1.3,0.898327167232197,0.013937128010577,1,-Inf,2.53198744528454,0.0627859378324989,1.62302197574516,0.167940666634942,-0.741183538591861,1,3.77384374883597,2.11688202306884,1.35448636352342
91.8866621,-1.13721032058626,-1.25,0.899165164855923,-0.237496091961126,1,-Inf,2.53272523369295,0.0658776092333764,1.62416898782026,0.0347064720224814,-0.954620713362896,1,3.77437613189981,1.95046410049708,1.39052075307261
92.7964098333333,-0.0410790177994924,-1.19,0.898306492133206,0.857250320648127,1,-Inf,2.54179852499511,0.0696364545532002,1.62183387834185,-1.18416796217464,-0.646475108398562,-1,3.78089506914542,2.67929754830139,1.31925641918781
92.8876184833333,-1.03996397231706,-0.97,0.897987485365995,-0.142088775306426,1,-Inf,2.54269687951314,0.0775126741197537,1.62219660540645,0.0168971459279085,-1.45618909547748,1,3.78153866388026,2.01249654631478,1.36772530563467
93.7781249,-0.0503629468207492,-1.17,0.898504823615483,0.847777101272733,1,-Inf,2.55137683161592,0.0813809691484562,1.62168265921259,-0.42784948915076,-1.30492699950851,-1,3.78774550034269,2.67209912659861,0.849477186984109
94.2253023166667,-0.349520137287774,-0.87,0.89873711472784,0.548695587241845,1,-Inf,2.55567173939754,0.0920131669592834,1.62202816040779,-0.897294263755902,-1.47747933596407,1,3.79081506996822,2.47287126543912,0.7881415987335
94.5060218333333,-0.551727392545526,-1.04,0.898502477840962,0.346834692224733,1,-Inf,2.55834849179612,0.0977590497525137,1.62235861541328,-1.07058207651247,-1.49647857828648,1,3.79272794466686,2.33843434763219,0.72185573364671
95.30101655,-0.0996357575449534,-1.14,0.899308470776554,0.799389747770655,1,-Inf,2.56584864429919,0.101758967726772,1.62327043852302,-0.31717568033861,-1.05505910956379,1,3.79809991468709,2.64104510137915,0.676239043901414
95.5722806833333,-0.56660762505577,-0.88,0.898253536505933,0.332000271697722,1,-Inf,2.56837603063222,0.111349481219658,1.62216948173354,-0.452574307213789,-0.97329396083249,-1,3.79990305052187,2.32855887864462,0.583899584030189
95.6458997333333,-1.13300979110584,-1.29,0.897894443915094,-0.235172719047414,1,-Inf,2.56905820348183,0.113629600770595,1.622196100079,-0.238887281224735,-2.59042046313258,1,3.80038964972186,1.95046527641835,0.585357268018762
95.6617538666667,-1.79985749370905,-0.95,0.897867491746256,-0.90217080029061,1,-Inf,2.56920492099145,0.120887218136935,1.62238530441447,-0.109514158589772,-1.73856252193301,1,3.80049455161909,1.50650229594463,0.676897445477247
95.6855876,-1.62280792412105,-1.17,0.897826971038301,-0.725121230702799,1,-Inf,2.56942539018848,0.124220407099173,1.62266958284401,0.0326506104858396,-1.5615129523452,1,3.80065218057947,1.6245353423367,0.725457205830726
95.7634096833333,-1.10889714711158,-1.07,0.897694636188814,-0.211210453693338,1,-Inf,2.57014448949206,0.12886422225995,1.62359651725184,-1.37324379661042,-1.04760217533572,1,3.80116627506331,1.96714252700964,0.832239018761934
95.9914880166667,-0.641915969263911,-1.05,0.898224490183145,0.256122190305876,1,-Inf,2.57224686553989,0.133758860161195,1.62139327160537,-0.305517337916161,-0.672226030500907,-1,3.80266167893257,2.27729126400167,0.79243421845662
96.2136791166667,-0.65327334097708,-1.28,0.898725026347335,0.245506576483512,1,-Inf,2.57428871020592,0.135943677424058,1.62182104695972,-0.58157668081441,-1.38496137474948,1,3.804113638059,2.27022885430677,0.852725257872253
96.2289498666667,-1.8161396326972,-0.53,0.898708955412421,-0.917409600959336,1,-Inf,2.5744286740998,0.163604601811305,1.62190526807268,-0.731566471252594,-2.09050017688424,1,3.80421322453503,1.4951683076876,0.999387207413195
96.2780520166667,-1.30889949132514,-1.13,0.898844929225563,-0.409768368487653,1,-Inf,2.57487882919659,0.166906830333294,1.62180619039838,-1.21784009936582,-2.01995277750789,-1,3.80453328676112,1.83340084989516,1.07510441729116
96.4830817666667,-0.688183117854401,-1.24,0.898113006821907,0.210186775932653,1,-Inf,2.576750184466,0.169143768722782,1.62083764577925,-0.226458213682507,-1.03034267052024,-1,3.80586186026497,2.24632618398497,1.1339591533221
96.8994199166667,-0.380553791910808,-1.28,0.898862988819914,0.518302364854405,1,-Inf,2.58052977996725,0.171078077754814,1.62213451722743,-1.44491273274882,-0.903401139472504,1,3.80854605506307,2.45195231328557,1.11535377000761
96.9864248833333,-1.06045595503248,-1.28,0.898641098904105,-0.161836277827134,1,-Inf,2.58131506180564,0.172999549641845,1.62196269830979,-0.527945095668448,-1.78066472180832,-1,3.80910431595418,1.99892133184662,1.10809838640027
97.1924249666667,-0.686132603945406,-0.69,0.898696682619485,0.212553448151281,1,-Inf,2.58316900062631,0.187334563242886,1.62259283398971,0.0664059940373091,-1.21607243586162,1,3.81042441777466,2.24904086947044,0.996725897423905
97.5457415166667,-0.451836018932734,-1.04,0.898506306038377,0.446793287154183,1,-Inf,2.58633001979609,0.191480077015295,1.62176584447648,-0.232309472163321,-1.09810490400319,-1,3.81266680458572,2.40422465357495,0.879628706905073
97.6993824333333,-0.813493110371149,-1.03,0.898939202885519,0.0854450578268021,1,-Inf,2.58769842578642,0.195709653594759,1.62247095831458,-0.475874788496491,-1.1674066242683,1,3.81363988933775,2.16412522662273,0.85008830323103
97.8506687833333,-0.820200254971587,-1.13,0.899392869495318,0.0791938428138379,1,-Inf,2.58904306952225,0.198667043874633,1.62305764258805,-0.490805746555547,-1.2466155310543,1,3.81459718011093,2.16035254710809,0.867916731801798
97.9110989333333,-1.2187463277424,-1.05,0.89945412865633,-0.319288367534529,1,-Inf,2.58957909426159,0.202520048481611,1.62331269919338,-1.04671589813217,-1.60796255900717,1,3.81497896906013,1.89487496318765,0.924464030478331
98.4600702166667,-0.260450372883338,-0.74,0.898927077139818,0.63845913916752,1,-Inf,2.59441241321541,0.213476495204688,1.62118092071462,-1.25892488021054,-0.686794991842503,-1,3.81840864134252,2.53240187889336,0.768895104496945
98.4737606166667,-1.8635838626586,-0.36,0.898961331301075,-0.964486222373715,1,-Inf,2.59453231502108,0.250897085141142,1.62118672012614,-1.1069373258637,-3.2532165640022,1,3.81849356176413,1.46333049555677,0.824363541630291
98.6885573333333,-0.667972361447557,-1.28,0.899644872495585,0.231535137386546,1,-Inf,2.59641097189807,0.252356746859884,1.62167446224349,-1.33697564475726,-1.32816343802366,1,3.81982499136017,2.26090963454711,0.822342465989606
98.8148043333333,-0.898778933200819,-0.92,0.898871485471825,-3.08993675160528e-05,1,-Inf,2.59750945424772,0.257361686221884,1.6214581154853,-0.489085134724808,-1.68106762596358,-1,3.82060309371426,2.10644324766755,0.874164980118607
98.8331623333333,-1.73617463447864,-1.1,0.898758909885595,-0.837426600645308,1,-Inf,2.59766895711795,0.260014211979023,1.62142664679974,-0.424854491095715,-2.51846332724058,-1,3.82071606624294,1.54817944681578,0.941736848063223
99.0901550333333,-0.590079212835033,-1.24,0.898418256337573,0.308389295888578,1,-Inf,2.59989427223098,0.261637716628852,1.62077502890214,-0.594488689516817,-1.2026904284017,-1,3.82228917774491,2.31154728093765,0.932131508952186
99.6025382666667,-0.290405090070889,-1.29,0.898496471785171,0.608084628334493,1,-Inf,2.60429750042634,0.262996708424224,1.62093205203619,-0.859876804460102,-1.82096712719234,1,3.82540160017345,2.51145043905071,0.915988416066001
99.6997894333333,-1.01210517998831,-0.88,0.898530180530909,-0.113555866419966,1,-Inf,2.60512833672075,0.268530730181869,1.62088266271434,-1.1599394531482,-2.32324389058484,-1,3.82598871245612,2.03038061517411,0.935849623027717
99.7068127666667,-2.15345671911226,-0.47,0.898532614824652,-1.25490740554399,1,-Inf,2.60518827697746,0.290281843818992,1.62087909567415,-0.967340984230055,-3.46459542970728,-1,3.82603106676516,1.26947958909174,1.06917526944178
99.9227876333333,-0.665596785437308,-1.11,0.899240367364413,0.233488084897809,1,-Inf,2.6070297402536,0.292570353603663,1.62216812010728,-0.287055818651828,-0.90599939462028,1,3.82733513654702,2.26242186588149,1.01386031521127
100.235978833333,-0.504190449184771,-1.22,0.898941000300231,0.394969171421868,1,-Inf,2.6096867586171,0.294125140635941,1.62341807926156,-0.469831758853438,-0.918095240201496,1,3.82922139414043,2.37088407661557,1.03823432284142
100.410070983333,-0.759220811240781,-0.81,0.899302786762544,0.140099197920996,1,-Inf,2.61115724598965,0.300445711276981,1.62238816075782,-0.92988036800164,-1.00207822868042,-1,3.83026327351153,2.20049208135569,0.927798017699636
100.716894683333,-0.513111097194725,-1.27,0.899237709861532,0.386016949459994,1,-Inf,2.61373566898327,0.301719416284917,1.62256845932098,-0.923134896334097,-1.75931373238988,1,3.83209094687888,2.36464794501579,0.912311891274353
101.07618395,-0.444555756625222,-1.29,0.898416077174595,0.454135228861542,1,-Inf,2.61673265362326,0.302903073317064,1.62104844203547,-0.380892563987319,-0.834127112219518,-1,3.83420801428775,2.40917788174177,0.866889573616793
101.526297966667,-0.346677462808668,-1.17,0.898665494716987,0.552001372171625,1,-Inf,2.62045819104004,0.304685456063107,1.6214129630798,-0.939884535616131,-1.45483099015775,1,3.83683834751378,2.47440265570819,0.727939856449796
101.64761385,-0.916082335222144,-0.82,0.898359658015548,-0.0176413141110051,1,-Inf,2.62145631768046,0.310577128870792,1.62122131415248,-0.357857909887718,-1.73396077635413,-1,3.83754252146606,2.09451510854015,0.760540168688508
101.949455516667,-0.520220809774521,-0.37,0.898635544904483,0.378481913295404,1,-Inf,2.62393129845001,0.336934922530439,1.62090503171018,-0.399011699703965,-1.5166460450486,-1,3.8392870867048,2.35841135039032,0.783521740658871
102.2092884,-0.585305887341152,-1.3,0.899057046005106,0.313798282446392,1,-Inf,2.62605254057257,0.337947739185781,1.62280313440042,-0.338181362823464,-0.737610177869168,1,3.84078499831196,2.31589845463852,0.740841811394155
102.226210916667,-1.77153504950168,-1.26,0.898978905299405,-0.873182834771796,1,-Inf,2.62619009676818,0.339106255799772,1.62268947492517,-0.673900382308336,-1.95943235874601,-1,3.84088211852538,1.52457794367951,0.702649644433097
102.761799533333,-0.271168662002434,-0.9,0.898584786539723,0.62716551868049,1,-Inf,2.63052113893952,0.343087732140378,1.6232996707776,-1.56808736581894,-1.22932045136111,1,3.84394602809221,2.5254706845746,0.66320683208961
103.002203566667,-0.619058250314404,-1.29,0.899908935156109,0.280565365603708,1,-Inf,2.63245693801854,0.344114072651021,1.6226357686702,-0.608455345048455,-1.19271250207847,-1,3.84531502832835,2.29443777845673,0.674693612202573
103.068521433333,-1.17836945275017,-0.84,0.899489506266301,-0.279259845803204,1,-Inf,2.63298880320927,0.348921485223314,1.62252428928335,-0.787185719079564,-1.96800970974886,-1,3.8456907570419,1.92095713519432,0.716608476353511
103.146862983333,-1.10600784011795,-0.7,0.89909994955773,-0.206917136380997,1,-Inf,2.63361623225455,0.356552373380269,1.62239095324278,-0.775825308724301,-1.89037913378785,-1,3.8461338955176,1.96914329270272,0.775898150645834
103.233745766667,-1.06106627469184,-0.79,0.89905416921455,-0.162037468708235,1,-Inf,2.63431090974274,0.362019482076468,1.62223719090363,-0.727596233396544,-1.82862025975452,-1,3.84662425104226,1.99892445485901,0.837549202452496
103.2952451,-1.21112959204938,-0.59,0.898991141179984,-0.312194705786862,1,-Inf,2.63480185514812,0.372628681975918,1.62211606270922,-0.652265203636463,-1.93236243961936,-1,3.8469706979985,1.89875995704576,0.923994415376567
103.384695183333,-1.04841925049974,-1.01,0.898739037175656,-0.149822674356933,1,-Inf,2.63551438566239,0.375060465518991,1.62187561219287,-0.592557591171249,-1.63476275426708,-1,3.8474730977083,2.00679281925963,0.937228106904327
103.6579917,-0.563365903624141,-1.1,0.898922141809467,0.335582184883605,1,-Inf,2.63768591595929,0.376829656777401,1.62122412870474,-0.715111021259672,-1.20233098715096,-1,3.84900258033183,2.33013917239402,0.941542616289289
103.799466616667,-0.849320553206153,-1,0.898601387031391,0.049288308604541,1,-Inf,2.63880490823249,0.379310427686053,1.62084640138924,-0.477075546815987,-1.43957064042859,-1,3.84978960405003,2.13892602697244,0.967944082875789
104.020592816667,-0.655359797261607,-1.23,0.898325324697083,0.243095637664847,1,-Inf,2.64054753121694,0.38042444420424,1.62155548264052,-0.356507842038216,-1.16588731864296,1,3.8510161567158,2.26839852918905,0.856326557651782
104.354958983333,-0.475777673737038,-1.08,0.898567655666846,0.422998276002502,1,-Inf,2.64317128163273,0.382285074832275,1.61989412163093,-0.879158925560569,-0.796595230546577,-1,3.85285994772089,2.38795096792164,0.876787458825243
104.730376366667,-0.425485621669496,-1.14,0.899258215231749,0.473450655926513,1,-Inf,2.64609946837244,0.383788691873596,1.62169602817613,-1.84454518773419,-0.761256662085361,1,3.85492176334009,2.42226264933436,0.857430195960752
104.822113133333,-1.03745657097944,-1.12,0.899717844471659,-0.137776813155697,1,-Inf,2.64681322655787,0.38539122700369,1.62169824741837,-1.16198925653432,-3.6698824638523,1,3.85542424543681,2.0147914009578,0.843338907783679
104.938422016667,-0.934387113858666,-1.29,0.898747970987283,-0.0358915400171048,1,-Inf,2.64771402798626,0.386278262022826,1.62153182566397,-0.855871416329165,-1.79495917613383,-1,3.8560580428179,2.08257946064548,0.826176835157751
105.153668983333,-0.667062960056467,-1.15,0.899472735757259,0.232298020554031,1,-Inf,2.6493794922012,0.387711111530802,1.62246106533568,-0.469622680066396,-1.0476600402485,1,3.8572320192934,2.26195612421729,0.786776503694213
105.1890988,-1.45063109493925,-0.98,0.899280284408194,-0.551819582707695,1,-Inf,2.64965267203679,0.390270906165722,1.62216633093573,-0.152285539504974,-1.5460397772956,-1,3.85742415214317,1.73860047246158,0.8107266539832
105.24613475,-1.24385132037751,-1.09,0.898970291362638,-0.345039808146225,1,-Inf,2.65009208423257,0.392008637940325,1.62169143833568,-0.18634477306776,-1.33926000273372,-1,3.8577331856083,1.87645365550267,0.830269860970977
105.266611233333,-1.68874462777783,-0.93,0.898858946721377,-0.789933115546474,1,-Inf,2.6502497292637,0.395003878638786,1.62152082032695,-0.232327266902275,-1.78415331013425,-1,3.85784405133237,1.57985811723581,0.942807733386347
105.31856435,-1.28438839400604,-0.79,0.89896932303756,-0.385111258615015,1,-Inf,2.65064987964298,0.399796660787994,1.62130764933794,-0.377034123999083,-1.6876419720027,-1,3.8581251833385,1.84946278834773,0.986314517466335
105.564344133333,-0.609453842962419,-0.96,0.898601553413607,0.289437261241578,1,-Inf,2.6525362552146,0.402427072675471,1.62106477721535,-0.769158423677543,-1.63122042398984,-1,3.8594502628186,2.29915389335764,0.981723922036417
105.7192551,-0.809917835990139,-1.2,0.898697678975451,0.0887778545689188,1,-Inf,2.65372047868543,0.403567838725432,1.62026205139355,-0.242812200946257,-1.11255360174373,-1,3.86028052474269,2.16488020587679,1.01513793826173
105.7388984,-1.70678555059188,-0.43,0.898718366524646,-0.8080832767033,1,-Inf,2.65387041456987,0.419395490216483,1.620144983556,-0.243083385382844,-1.94914319628146,-1,3.86038557193081,1.56679396963878,1.14326793115397
105.769341183333,-1.51651564325983,-0.74,0.898698017128539,-0.617897423147042,1,-Inf,2.65410263496421,0.424627516153928,1.61996421639526,-0.243503996315313,-1.76061017144257,-1,3.8605479855111,1.69308630778922,1.191173838382
105.879569283333,-0.957707678448963,-1.16,0.898624327475891,-0.0590894583361883,1,-Inf,2.65494242797104,0.425840462946258,1.61930905933486,-0.628753990114834,-1.20180220663194,-1,3.86113529625138,2.06562495099639,1.19350589484103
106.021914733333,-0.846656410297641,-1.28,0.899058206107044,0.0524357697580502,1,-Inf,2.65602569595193,0.426639070225968,1.6195194046607,-0.309998353172623,-1.69543720920197,1,3.86189329639116,2.14016520132217,1.21146523986515
106.308486933333,-0.542765942243601,-1.12,0.899044514874761,0.356143202185909,1,-Inf,2.6581974741843,0.428021671914666,1.62097267912806,-0.806369797394778,-0.8551904232977,1,3.86341760119126,2.34357495983647,1.12067872459559
106.3164257,-2.10024696249208,-1.04,0.899069589190407,-1.20107534842883,1,-Inf,2.65825751982256,0.429834265297115,1.62095958196893,-0.807905085694541,-2.89964107651183,-1,3.86345973572029,1.30540206308254,1.20631828880704
106.790469333333,-0.324181681862308,-1.25,0.898969484375475,0.57428331566804,1,-Inf,2.66182224885732,0.430707812403071,1.62124997093253,-0.428772229576609,-1.55369942003395,1,3.86595887390665,2.48877501580909,1.06986199421549
106.92402795,-0.874328087799359,-0.8,0.898607307965134,0.0242100688957245,1,-Inf,2.66282149484375,0.434805646138412,1.62052074145206,-0.293806667282193,-1.15403468658501,-1,3.8666588677287,2.12190971121544,1.02885596359482
107.0515269,-0.894493391787534,-0.65,0.898583949543907,0.00411707827370014,1,-Inf,2.66377342227985,0.441557312804588,1.62049022604452,-0.554654848371745,-2.53275965299971,-1,3.86732589005312,2.10862398773528,1.05735991847733
107.0730285,-1.66752922169771,-0.49,0.898615408864122,-0.768851757190219,1,-Inf,2.66393377596775,0.452928370889584,1.62055720184413,-0.612198443784295,-2.19134268966144,1,3.86743828055963,1.59340647125959,1.14312105704809
107.42282195,-0.456188327091438,-0.82,0.899405501651334,0.442821061905613,1,-Inf,2.66653615026157,0.45647355581635,1.62047281270735,-0.436924847666444,-2.09098275882634,-1,3.86926171934836,2.40114923628719,1.01806133469805
107.7490044,-0.486539409553242,-1.25,0.898906699812014,0.412518413196657,1,-Inf,2.66894916241632,0.457270421147242,1.62014233288179,-0.105574345718258,-1.4983317753019,-1,3.87095335354892,2.38118355137185,0.915063711327387
107.829208316667,-1.09580442292301,-0.82,0.898880258780921,-0.196941621870478,1,-Inf,2.66954017671263,0.460763152947033,1.61960791436275,-0.226855305962651,-1.29002766107712,-1,3.87136596263875,1.97372350864024,0.928873385774791
107.876592916667,-1.32436278114713,-1.21,0.898864636621683,-0.42549998009455,1,-Inf,2.66988897130694,0.461664458751814,1.61929186975106,-0.300455368784428,-1.51858601930125,-1,3.87160945670354,1.82135126982418,0.97664402285974
108.00868625,-0.87911910039916,-1.08,0.898774356851826,0.0196410270170965,1,-Inf,2.67085959517073,0.463070963034408,1.6188052974267,-1.69443532471079,-1.33158830184534,-1,3.87228618972968,2.11776410200918,1.0102793386753
108.045042233333,-1.43942410434245,-0.83,0.898721317703635,-0.540813147871464,1,-Inf,2.67112626766633,0.466379248909378,1.61877416896186,-0.671348457664268,-2.52583687486772,-1,3.87247221144692,1.74429293687592,0.944197052860333
108.1831749,-0.859703604003392,-1.13,0.898224450857799,0.0385004356959669,1,-Inf,2.67213703918407,0.467544046029377,1.61970256616181,-1.00679666852764,-1.05081203909378,1,3.87317847723148,2.13100882604193,0.997749245074441
108.5963034,-0.383914843837764,-0.89,0.89993773330427,0.515772598214812,1,-Inf,2.67515636051372,0.470194909245796,1.61872888070606,-1.70551134137767,-1.03014981404984,-1,3.87528332467071,2.44858325260654,0.948707920678282
109.6015971,0.00229296091581641,-0.48,0.899075852947434,0.901540414479122,1,-Inf,2.6824096775289,0.480869956440788,1.6196902901788,-2.20976737874557,-1.03566624027647,1,3.88034473913923,2.70620361859455,0.859029285407946
109.959522883333,-0.446207015898726,-0.98,0.899592971189056,0.453092255917715,1,-Inf,2.68496349207726,0.482727735393535,1.61880155481792,-0.612501520388834,-1.06976585286437,-1,3.88212418841265,2.40696329271722,0.736897064828049
110.484888233333,-0.279538574108055,-0.97,0.899199170258734,0.619907048336055,1,-Inf,2.68868625309317,0.484638326350905,1.61831544286015,-0.392958093121415,-1.33248948546239,-1,3.88471674873768,2.51811198140569,0.71923208952971
110.65861155,-0.760141887827643,-1.25,0.899711488153343,0.1395592048616,1,-Inf,2.68991099547848,0.485361417642757,1.61784490924075,-0.689979550111672,-1.34711345500728,-1,3.8855672165481,2.19711863892657,0.74659233735715
110.675731083333,-1.76650807806556,-0.77,0.899687655000562,-0.866987438867657,1,-Inf,2.69003145070481,0.489126927015642,1.61794487664174,-0.516517789709317,-2.02003101620093,1,3.88565100973857,1.52661956379683,0.813662702871405
111.7254919,0.0210903582749195,-1.23,0.899234356867953,0.920723462165822,1,-Inf,2.69735646819868,0.489889761662963,1.61944771957286,-1.92658895219639,-0.842174203619182,1,3.89075091132002,2.71878386542441,0.679117388929201
112.219028733333,-0.306680429789719,-1.27,0.899498027821523,0.59294635004209,1,-Inf,2.70075798269255,0.490552529216996,1.61736098305098,-0.282566549646518,-0.69991192511941,-1,3.89311149328916,2.49948269308205,0.621873521868257
112.398827616667,-0.745213009842409,-1.23,0.898673232792484,0.153584461383435,1,-Inf,2.70198823876327,0.491311621916228,1.61826784199305,-1.56310412524857,-1.06243008016621,1,3.89396560946058,2.20675458464119,0.552452412418253
112.619816666667,-0.655629245058749,-0.96,0.898048606028871,0.242300248191932,1,-Inf,2.70349257160609,0.493231549631157,1.61772552226302,-1.56864306279196,-1.28553219624638,-1,3.89500890558232,2.26563044131791,0.532044976523788
113.027413883333,-0.389768790294754,-0.96,0.89931078023843,0.509455553277971,1,-Inf,2.70626182013046,0.495138829752869,1.61880360000765,-0.352113230679067,-0.986869557913548,1,3.89693297986753,2.4443239975919,0.532630371169487
113.531709966667,-0.29731440481989,-1.2,0.899551192761552,0.602212014038724,1,-Inf,2.70966614682258,0.4959674645814,1.61866369566124,-0.242487449276589,-1.87321945466341,-1,3.89929478172999,2.50581495588384,0.562591107743058
114.042291833333,-0.291934613242017,-1.01,0.899713648173224,0.607431476312611,1,-Inf,2.71308467571783,0.497558018492203,1.6188480553828,-0.38348056815502,-1.75336238898754,1,3.90166488120883,2.50919632156928,0.547163867477387
114.284661416667,-0.615521883760485,-1.26,0.899472601727088,0.284092076320435,1,-Inf,2.71469897595943,0.498226139054156,1.61749278886411,-0.90112230553489,-0.887589003568231,-1,3.90278222227971,2.29321887172729,0.58076219844263
114.43339685,-0.827585556911883,-1,0.899660144551644,0.0720843079095001,1,-Inf,2.71568679101733,0.499859672825081,1.61787342086871,-0.596624873642457,-1.4395958903622,1,3.90346652358696,2.15216065192557,0.587506565351054
114.733844283333,-0.522231501732061,-1.12,0.898639309824307,0.376844130560126,1,-Inf,2.71767264971403,0.500933903676021,1.61710730571568,-0.324107153534422,-1.13599983933903,-1,3.90484109493284,2.35513690396111,0.463078907717705
114.802626033333,-1.16252677870775,-1.26,0.898371087561221,-0.264032952070177,1,-Inf,2.71812539331218,0.501594288089303,1.61696034930957,-0.196174296224644,-1.85356195919914,-1,3.90515427757203,1.92773411859563,0.581440621415971
114.9980067,-0.709118412855676,-1.26,0.898975701834393,0.189869997470832,1,-Inf,2.71941034346973,0.502253169667535,1.61884297410156,-0.611362231421939,-0.745118536008918,1,3.90604622278575,2.23136378275217,0.621684419722567
115.600425666667,-0.220101363186827,-1.29,0.899064508001495,0.678770126966979,1,-Inf,2.72334742191818,0.502845915709077,1.61838293237849,-1.23155170083638,-1.35637411634149,-1,3.90877182265401,2.55658945670501,0.569173255057009
115.683814883333,-1.07889010577645,-0.64,0.899205282591125,-0.179653044942975,1,-Inf,2.72389006278244,0.508382793052586,1.61834734244383,-0.410218108163389,-2.46809198312497,-1,3.90914784330566,1.98463895031044,0.611499341128778
115.822230116667,-0.858816110829081,-1.12,0.89900227922178,0.0401608405012496,1,-Inf,2.72478874401219,0.509425917884769,1.617132700221,-0.278741387819892,-0.935595774626955,-1,3.90976862816774,2.13029033507038,0.658404073182211
116.07090295,-0.604371657343119,-1.17,0.899480181276888,0.294921991346543,1,-Inf,2.72639980425161,0.510300696034405,1.6175290315592,-0.593607041089944,-1.42239501667863,1,3.91088262240003,2.30045239723455,0.689109798434534
116.114874133333,-1.35683184667916,-1.27,0.899804993885482,-0.4566740542805,1,-Inf,2.72668462264727,0.510918397525513,1.61736862961517,-0.351021745793658,-1.81512585073849,-1,3.9110794172949,1.79919487594804,0.795599521778249
116.189005033333,-1.1300007272132,-1.08,0.900038566762316,-0.230089594092207,1,-Inf,2.72716410246613,0.512105327109428,1.61695499646104,-0.157369206539067,-1.40400714015972,-1,3.91141032589115,1.94992155204708,0.84704740612352
116.2515281,-1.2039597286095,-1.3,0.899755364779325,-0.304496649931223,1,-Inf,2.72756767514437,0.512658829968207,1.61638653044554,-0.107976651473606,-1.26640901038973,-1,3.91168826140753,1.89971663477087,0.884684823293282
116.376582266667,-0.902901833480134,-1.26,0.899296752680344,-0.00364271440247867,1,-Inf,2.72837337078099,0.513293034100398,1.61593868765755,-0.980104414095574,-1.37049609823105,-1,3.91224332640352,2.10039969696461,0.922751856468089
116.53862255,-0.790377006108058,-1.04,0.899124158891113,0.108742735911996,1,-Inf,2.72941480742344,0.51464429640048,1.61688427292552,-0.0137881280692869,-1.04567204785885,1,3.91296219392174,2.17590670677539,0.88553687920812
116.56898655,-1.5176410172462,-0.96,0.899160230332626,-0.61841698498225,1,-Inf,2.72960972681881,0.516416024747449,1.6172049362507,-0.0793253210785053,-1.51469040507924,1,3.9130970204703,1.6917511863829,0.966389139647173
116.797693216667,-0.640721175776514,-1.04,0.898965531396747,0.258313370157906,1,-Inf,2.73107444943541,0.517752823495943,1.61752939207411,-1.37946979091825,-1.50926156366299,1,3.91410967009578,2.27611426231096,1.00845112090614
117.145258516667,-0.458963588871164,-1.29,0.899324793760832,0.439946296110512,1,-Inf,2.73329033711626,0.51831470189981,1.61736097981405,-0.489089161129049,-1.79396541860945,-1,3.91564071728239,2.39707254672723,0.946458469215613
117.18374005,-1.41474763141243,-1.11,0.899587931080251,-0.514802118190944,1,-Inf,2.7335355646534,0.519358071639838,1.61751650716934,-0.541011666748421,-1.82853877851115,1,3.91581026922495,1.7607986424703,1.00205162127395
117.2670805,-1.07914415888243,-0.98,0.899883941345312,-0.179311941973289,1,-Inf,2.73406604773303,0.520985249363067,1.6176527989311,-1.32260500555165,-1.88573005106968,1,3.91617691999919,1.98436665006664,1.04952887142788
117.579915733333,-0.504684340073404,-1.13,0.899506892830762,0.394887137564446,1,-Inf,2.73605037299232,0.521950169316595,1.61739198441342,-0.700346860230981,-1.6039301513071,-1,3.91754764571913,2.36703422631688,0.964314120767302
117.7810875,-0.696432970143231,-1.3,0.899104206169116,0.202690872167087,1,-Inf,2.73732033192236,0.522485184952784,1.61655042952682,-0.288775330070692,-1.09573059026044,-1,3.91842331671584,2.23841753379387,0.920957345060306
118.111501633333,-0.480941384180346,-1.23,0.898651294814916,0.418065203509634,1,-Inf,2.73939758848939,0.523165100916464,1.61684852341656,-0.254355208567722,-1.54673175224532,1,3.91985448779964,2.3818048641373,0.84865551061739
118.13254535,-1.6768775541915,-1.09,0.89848922204275,-0.778570026722303,1,-Inf,2.7395293385487,0.524264412126386,1.61704676120264,-0.477958364100774,-1.72365022636738,1,3.91994544017494,1.58464729404384,0.926053082688527
118.259225466667,-0.897291545334351,-1.26,0.898916835271728,0.00175342362358554,1,-Inf,2.74032295658063,0.52487372361982,1.61647403815586,-0.254569991079163,-1.26307922037014,-1,3.9204920741767,2.10422119348429,0.936744536611157
118.65516745,-0.402368445801969,-1,0.899119005447226,0.496508667933485,1,-Inf,2.74279316917099,0.526363991312793,1.61750629163,-0.527987110906414,-1.00700769097445,1,3.92219584738422,2.43449020004821,0.825217279466733
119.122158933333,-0.330691039723108,-1.18,0.900285088752208,0.569292975447403,1,-Inf,2.74569606773016,0.5271611578376,1.61675026708022,-0.606260834910083,-1.14212007888231,-1,3.92419857907457,2.48315093559223,0.794214265861393
119.523282366667,-0.396721966115874,-1.29,0.899095618007079,0.502681024376932,1,-Inf,2.74817081757357,0.527705088202346,1.61559885228956,-0.365201760077356,-0.960377820477559,-1,3.92590158579624,2.43806603971706,0.787990103585864
119.85628465,-0.477552788608799,-1.19,0.89900291034077,0.421628963250897,1,-Inf,2.75021359320667,0.528471673268109,1.61624284354724,-0.276438972983252,-1.21298345183647,1,3.92730580105631,2.38376440126124,0.694270619305501
119.932745683333,-1.11655983700052,-1.02,0.899093609025337,-0.217390923777123,1,-Inf,2.75068127012344,0.529845571962584,1.61663620537453,-0.322614688833941,-1.42655255926686,1,3.92762815752827,1.95856255540002,0.69801218711731
120.25919215,-0.48618802767362,-1.25,0.899311114404281,0.413099654581058,1,-Inf,2.75267289024405,0.530464244171216,1.61726483131652,-1.67920015536399,-1.22244145562892,1,3.92900179738121,2.37910180241592,0.696162555877332
120.41611575,-0.804311737235081,-1.28,0.899579160234219,0.0952611939217147,1,-Inf,2.75362765229011,0.53102089022497,1.61813167939816,-0.441987502977494,-1.0821429914327,1,3.92966148596585,2.16776231550062,0.706950432586517
120.5452898,-0.88882472375384,-1.12,0.899710429296295,0.0108921493329988,1,-Inf,2.75441226699268,0.531985691602633,1.61748139255812,0.0217662128848328,-1.20687276954056,-1,3.93020255832622,2.11097359572525,0.747738766543866
120.5948487,-1.30487834170748,-1.23,0.899729602207269,-0.405143028122176,1,-Inf,2.75471292908573,0.53264368407779,1.61692992079873,0.00509341780958971,-1.27905534811437,-1,3.93040963374039,1.83326309314781,0.710538845295465
120.940041733333,-0.461937977775549,-1.27,0.899138588174762,0.437553272934255,1,-Inf,2.75680020853613,0.533215555707341,1.61543380361189,-0.577012182435226,-0.84663662236437,-1,3.93184258856178,2.39415270385756,0.667003488539585
120.9864584,-1.33332605087397,-1.13,0.899189814801662,-0.434044449286872,1,-Inf,2.75707997764622,0.534140628119884,1.61561739150424,-0.441151734153171,-1.75841467450074,1,3.93203487951771,1.81344927682054,0.760099249046785
121.1002751,-0.943794010473961,-1.07,0.899301536398412,-0.0444855513583086,1,-Inf,2.75776527032308,0.535274675753573,1.61570876106016,-0.394882459842437,-2.06131972007048,1,3.9325055321886,2.07294188796226,0.82140954612187
121.116974766667,-1.77729219749181,-0.71,0.899312402962708,-0.877910820546304,1,-Inf,2.75786574531546,0.539172786517936,1.61557927234731,-0.280672986929908,-1.90990837907543,-1,3.93257439755003,1.51674515150026,0.959466569259464
121.136843816667,-1.70182289734023,-0.49,0.899325331507863,-0.802441520394839,1,-Inf,2.75798525890417,0.547334812488104,1.61542515802002,-0.175119570476696,-1.83443907892355,-1,3.93265631134496,1.56705801826789,1.08189358013261
121.31482785,-0.749618955816066,-1.15,0.898798801559255,0.14926054780658,1,-Inf,2.75905314651241,0.54815719506473,1.61564539049546,-0.122668158699393,-1.67936767204719,1,3.93338949518186,2.20203620068623,1.04519949201416
121.380703283333,-1.18127651494971,-1.26,0.898406683104224,-0.282871948767314,1,-Inf,2.75944729705236,0.548718290028303,1.61620522319139,-1.42356338871999,-1.27380071539865,1,3.93366049268213,1.91437315959666,1.11470834074177
121.877697633333,-0.303648548445285,-0.82,0.8993611820005,0.595230454558946,1,-Inf,2.7624127014205,0.551269234494328,1.61713607701118,-1.27193996153633,-1.05223209283696,1,3.9356991460471,2.49978064155878,1.06464202186279
122.474825233333,-0.223932854708886,-1.21,0.899266982382836,0.675750584569935,1,-Inf,2.76595552542212,0.551928855368766,1.61671684421229,-0.125949825529933,-1.39840258126932,-1,3.93813709463379,2.55380663595919,0.998152834958294
123.063233433333,-0.230321283616264,-1,0.899640033205018,0.669264424927506,1,-Inf,2.769417795367,0.55328648450378,1.61384003111706,-0.316283240983912,-0.563593432661548,-1,3.94050630920498,2.54793007154604,0.890697129149172
123.110029983333,-1.32978616340437,-0.83,0.899232136657368,-0.431482961792745,1,-Inf,2.76969116285576,0.555712772439411,1.61448025908321,-0.00886032097829298,-1.21728948600177,1,3.94069403093456,1.81514783827938,0.977481947712054
123.587164183333,-0.321359452988434,-1.1,0.899037581289698,0.577659074773387,1,-Inf,2.77247318427874,0.556662090428379,1.61613665092533,-0.72061293737972,-0.803312510172947,1,3.94260539601261,2.48808396898929,0.8762852879235
124.369627566667,-0.106535976833733,-0.88,0.899853811051752,0.793014241987936,1,-Inf,2.77700277129414,0.558681314979468,1.61384489343924,-0.546904621859126,-0.662624376562836,-1,3.94570742475963,2.63079297247351,0.792559484559477
124.775306633333,-0.391817401626974,-1.08,0.899541172949025,0.507762989392346,1,-Inf,2.77933289483081,0.559688051465677,1.61516489906889,-0.101582981067178,-0.902703464460101,1,3.94730016315478,2.44013842383851,0.654012004972994
124.843869266667,-1.16391251051051,-0.92,0.899521688534617,-0.264407686461684,1,-Inf,2.7797254018808,0.561429274498264,1.61564720283393,-0.179267856858643,-1.33905758583276,1,3.94756960769706,1.92661912184629,0.600220966290022
125.054699066667,-0.676068003227672,-0.98,0.899924798200984,0.223742320794276,1,-Inf,2.78093098816279,0.562836918971157,1.61703819387207,-0.455575772599588,-0.878117095382274,1,3.94839851187146,2.25252500834614,0.592865871031183
125.49829685,-0.353010632695348,-0.93,0.899647691860873,0.546447308974288,1,-Inf,2.7834546907316,0.564501055575801,1.61523705662768,-1.04929924203224,-0.766099568035919,-1,3.95012653167482,2.46650006016953,0.510039282805747
125.558474783333,-1.22056273114141,-1.14,0.899394285552987,-0.321698116424339,1,-Inf,2.78379546053844,0.565303360764759,1.61503360053511,-0.423089271461735,-1.71417827924388,-1,3.95035964365298,1.88749078715793,0.601730701075359
125.779688766667,-0.655187423965141,-1.25,0.898677462521175,0.243430602836245,1,-Inf,2.78504512802325,0.565850789228624,1.61399991046072,-0.368292725179428,-1.00887710713969,-1,3.95121340541191,2.26388239347258,0.644856158000985
126.079928716667,-0.522531520919526,-1.26,0.899852190536192,0.377005410011492,1,-Inf,2.78673906539403,0.566378651851387,1.61364082762484,-0.0450158183945732,-1.4687692835011,-1,3.95236847091887,2.35240017198323,0.674077181731311
126.142065816667,-1.20664901956168,-1.29,0.899963853041101,-0.30684340602931,1,-Inf,2.78708903219263,0.566853734002387,1.61423075047977,-0.0724003135100962,-1.25305326683042,1,3.95260767463635,1.89720466269934,0.661763467347042
126.2992227,-0.803666592513315,-1.27,0.898765074897959,0.0950970325095438,1,-Inf,2.78797079414655,0.567361930009502,1.61533512433549,-1.23744348401709,-0.979885140013108,1,3.95321167113358,2.16580397056319,0.709994181299531
126.318522833333,-1.71443969069533,-1.24,0.898837460925981,-0.815159495329714,1,-Inf,2.7880790870192,0.567924566779651,1.6152493768506,-1.02436279350896,-2.08927066965611,-1,3.95328574361575,1.55855793873872,0.870784552685691
127.581978383333,0.101559967483245,-0.99,0.71705688717854,0.976581345911607,1,-Inf,2.79473114910195,0.569254434423383,1.57520445650376,0.815269055284263,0.560143879267458,-1,3.95778470660678,2.74981771689205,0.821446815774668
127.7179861,-0.866436450374786,-1.17,0.60853672529547,-0.258389216912834,1,-Inf,2.79511527347899,0.569966102590277,1.56852897855338,0.314610820451136,-0.241430952721187,-1,3.95802083751161,1.89887596611831,0.791699209761096
127.7985184,-1.09402989729345,-1.15,0.602838787576755,-0.492489597899456,1,-Inf,2.79533918038131,0.570726732328872,1.56722175205117,0.0474491787279893,-0.953557938052372,-1,3.95815801005022,1.74180550903898,0.833495399167674
127.8957982,-1.01197733094745,-1.03,0.602008213900731,-0.409699683634345,1,-Inf,2.79560995630892,0.571874204246085,1.56628935500748,-0.149383717098021,-1.10142778650986,-1,3.95832352079344,1.79632952711167,0.899392068992884
127.99775455,-0.991585720507941,-1.12,0.602532922160276,-0.389009613241411,1,-Inf,2.79589376313093,0.572712221733024,1.56492747146621,0.256751606563369,-0.938035748773704,-1,3.95849645540296,1.80920256931667,0.876494367929538
128.49286215,-0.305300407110781,-0.37,0.602325622345204,0.297202308147878,1,-Inf,2.79726908710298,0.583661534352302,1.56104785210382,0.23395292344751,-0.486006087324216,-1,3.95933021493173,2.26514527395601,0.841505666244102
129.01243985,-0.284349496888429,-0.62,0.601576054359237,0.316459944516369,1,-Inf,2.79870212756021,0.588157514676665,1.55467550118269,-0.475169242922177,-0.27561905470398,-1,3.9601875147661,2.27405209566694,0.817687463840992
129.081522883333,-1.16062860146063,-1.25,0.601483585798979,-0.55930905743576,1,-Inf,2.79889253237244,0.588663429365467,1.55458254748682,-1.19922866561412,-2.11488862398949,-1,3.96030102439982,1.68913738479347,0.813085422030887
129.35738805,-0.559303134169258,-0.83,0.602744827849776,0.0427439907951404,1,-Inf,2.79965330578672,0.590811683820633,1.55694076331379,-0.124329832429303,-0.709438572581843,1,3.9607560543709,2.09142653629263,0.788649076196481
129.514219033333,-0.804568134499457,-1.3,0.603500879144687,-0.201065439482604,1,-Inf,2.80008666583203,0.591233534837042,1.55786533190763,-0.534483048474296,-1.11444204463263,1,3.96101633114482,1.93004777774412,0.697661920576894
130.09809895,-0.233676462633367,-1.29,0.603165969157151,0.36922593171968,1,-Inf,2.80169404981832,0.591669564150385,1.55876313352823,0.00426827534043894,-1.12628961624824,1,3.96198415115737,2.3109014065816,0.731185563588555
130.470705483333,-0.428749534394876,-1.16,0.602364399432428,0.174044429783233,1,-Inf,2.80271645581477,0.592351395918016,1.55481636323973,-0.407771332773761,-0.484751218293646,-1,3.96259465144476,2.1782846685905,0.687416871990564
130.59634335,-0.900879446539383,-1.14,0.602192245154793,-0.298761725158727,1,-Inf,2.80306012000963,0.593080214152847,1.55544610661705,-1.22251987660584,-1.28348942937674,1,3.96280004256843,1.86328976551298,0.668101826915157
130.959637383333,-0.439741734842164,-0.98,0.602217716515057,0.161593037785261,1,-Inf,2.80405054575753,0.59434240708055,1.55550281823793,0.0455712382715364,-2.32863778850451,1,3.96339149896172,2.16991560668994,0.610878267304629
131.118353466667,-0.799379062224355,-1.29,0.601754687892443,-0.197606166195207,1,-Inf,2.80448297132959,0.594773782971756,1.55785081213348,0.10590035779279,-0.710410003710874,1,3.96365144429163,1.93231412614666,0.59165760147627
131.451104866667,-0.477880108622638,-1.05,0.602613859861785,0.124139060020558,1,-Inf,2.80538867779517,0.595759592045403,1.55886638804594,-0.193243898429567,-1.07271322057931,1,3.96419702015045,2.14736567021767,0.608915571627456
131.500934683333,-1.30251071067773,-1.3,0.602942629855859,-0.699724892014964,1,-Inf,2.80552438499397,0.596174300219804,1.55924222562595,-0.172534744277014,-1.50372978786048,1,3.96427890360171,1.59857335414044,0.710731693006386
131.557541083333,-1.24713446408472,-1.23,0.601869037993912,-0.6470303104755,1,-Inf,2.80567754770053,0.596701573891933,1.55972882381162,-0.150148362543648,-1.3911282785778,1,3.96437158060879,1.63451120865646,0.719382279268795
131.591417066667,-1.47010808947388,-0.79,0.601225277483859,-0.870003935864826,1,-Inf,2.80576918177757,0.599099528644527,1.56001976693969,-0.321838533175557,-1.61410190396724,1,3.96442702878706,1.48586212506342,0.810462774799257
132.008167083333,-0.38012437413165,-1.02,0.602395604096893,0.221637164468142,1,-Inf,2.80689920445785,0.600176578288818,1.55534224813885,-0.0787053890541931,-0.410085662870659,-1,3.96510556495532,2.21135299627883,0.768018398762476
132.2053929,-0.705036236950534,-1.12,0.602368588080509,-0.102753967341939,1,-Inf,2.80743360133755,0.600936656007903,1.5556224237436,-0.0833019493658351,-1.63487164979929,1,3.96542520754061,1.99391312253119,0.815154376194193
132.5578966,-0.452836320144498,-1.13,0.603223524859191,0.149685165986583,1,-Inf,2.80838762418864,0.60166903969886,1.55546667201063,-0.0944895659948816,-1.88980687356656,-1,3.96599587942175,2.16217287149887,0.817563054769155
132.65229635,-1.0250291558477,-1.13,0.602974350291515,-0.422293331660966,1,-Inf,2.80864288004872,0.602399575452145,1.5568010637095,0.109400106710777,-0.956366941013785,1,3.96614939462785,1.78237820559056,0.829978025699987
133.61535005,-0.0163494958833022,-1.22,0.511656243035373,0.518756772041344,1,-Inf,2.81086509784175,0.602933762049583,1.54229972654713,-0.0845125906463941,0.0731943091636659,-1,3.96746335585401,2.40473295538263,0.787638801804101
133.66886085,-1.27155855616483,-1.1,0.511901484474674,-0.759399146835524,1,-Inf,2.81098190290335,0.603740416024544,1.54186420309401,-0.357916719274426,-1.45669078137005,-1,3.96753114256358,1.54713158397024,0.834856751198149
133.768643566667,-1.00094467621075,-1.2,0.512450650104725,-0.488337582786631,1,-Inf,2.81119985238793,0.604310127640466,1.54177946926593,-1.40984144285311,-2.16790564715707,-1,3.96765761368542,1.72779325953656,0.88716320795696
134.524131033333,-0.121772736093529,-0.69,0.512983840991534,0.390716024998259,1,-Inf,2.81284603168018,0.607604364638069,1.54611000978036,-0.0834431376396553,-0.457295666537866,1,3.96861570998846,2.31461420202691,0.76908941049854
134.718679083333,-0.710973117872216,-0.99,0.512245885260747,-0.198577567828361,1,-Inf,2.81326884561073,0.60876425328723,1.54545354564483,-0.727009979487999,-1.27479148789235,-1,3.96886345032678,1.92360870505791,0.71547327587729
134.8019737,-1.07938306615045,-1.06,0.511821289550874,-0.56791136005344,1,-Inf,2.813449360839,0.609671793420295,1.54575498616707,-0.631303858041516,-1.61297840315239,1,3.96896929818786,1.67757573201137,0.676400773544947
135.572668933333,-0.113117327070089,-1.25,0.51414237742051,0.400078399725922,1,-Inf,2.81512267091619,0.610141506906219,1.54202497945947,-0.543400315990703,-0.522183380871904,-1,3.96994358655686,2.32078622281432,0.649700068838791
135.722540666667,-0.824280269853121,-1.29,0.513320089090672,-0.310987324171556,1,-Inf,2.81544739308952,0.610549990288365,1.54162925748832,-0.251774647810846,-1.49856701410058,-1,3.97013218399329,1.84593304566061,0.661624472129049
136.454764016667,-0.135356425940066,-1.17,0.51213484897239,0.377350053192529,1,-Inf,2.81702826359333,0.611167160713942,1.54513009018174,-0.641613563957654,-0.550232105521932,1,3.97105655801178,2.30669761260928,0.629876482708606
137.379976916667,-0.0337583206055296,-1.23,0.513024271736227,0.478551780238271,1,-Inf,2.81901579355354,0.611667848205135,1.54357571065539,-0.981705575662962,-0.901874111796766,-1,3.97221744894354,2.37370277508547,0.530749399184389
138.25048675,-0.0602263187014077,-1.16,0.481433636733119,0.446781226794787,1,-Inf,2.82085499719524,0.612304224377882,1.54076350185161,0.520043520801245,-0.646566382806713,-1,3.9732942651602,2.35305504731065,0.535137081466199
138.594292766667,-0.463686527351507,-1.1,0.396059216057491,-0.0673988091560238,1,-Inf,2.82141636795712,0.613085224018936,1.52901808872735,0.1392233021239,-0.0330119836433868,-1,3.97361320358409,2.00146294332738,0.454349878584867
139.039186916667,-0.351743304837296,-1.16,0.387942213108679,0.0388708369870988,1,-Inf,2.8221323147661,0.6137184958579,1.52626991866014,-0.363310762518945,-0.671095978006613,-1,3.97401620512665,2.06955716522246,0.389429741447521
139.36716715,-0.484152329498502,-1.18,0.387332094670477,-0.0970622252116751,1,-Inf,2.82265510606341,0.614308252601871,1.52629553461186,-1.09972272811935,-2.70299108869541,1,3.97430984592559,1.97824526779466,0.425667700788019
139.8059468,-0.357753522614286,-1.22,0.384959580719142,0.0282018296279188,1,-Inf,2.8233517048104,0.614820932284553,1.52601965275139,-0.54028192092728,-1.6709035642367,-1,3.97470153843888,2.06200719318448,0.390345741262226
142.441547833333,0.42087966914825,-0.77,0.386363736193579,0.807041672660999,1,-Inf,2.82751455890598,0.617234448711418,1.52390128971447,-0.649077102558295,-0.786823019666244,-1,3.97703507044272,2.58008289426888,0.240319467732356
143.26612485,-0.0837687744023976,-1.27,0.383513555340451,0.301551669266705,1,-Inf,2.82880629974775,0.617661540302825,1.52508964910883,-1.87016214433906,-1.03834090263778,1,3.97775914645775,2.24279125689891,0.237384612465586
143.29636395,-1.51943113879435,-1.19,0.383111881988706,-1.1364253373266,1,-Inf,2.82885334644608,0.618223595712332,1.52503283506319,-1.04628891175044,-2.35826735305111,-1,3.97778556441201,1.28457644323852,0.306899699359709
143.429605966667,-0.875358802725286,-1.17,0.3871748107508,-0.487558518551229,1,-Inf,2.82906288679942,0.618824640447258,1.52563334802102,0.434549710231883,-1.33392880213863,1,3.97790342444972,1.71762684542492,0.380899937038231
144.380486866667,-0.0218738760299563,-0.72,0.192518422478919,0.183017589318937,1,-Inf,2.83004293829538,0.621651694264048,1.50093948390096,-0.600408272666452,0.268149660755325,-1,3.97842871995097,2.15063986469406,0.379711492580674
145.043230566667,-0.17865439195131,-1.27,0.197454910814211,0.0182624317592574,1,-Inf,2.83071231265793,0.62207232402802,1.5003646313406,-1.11938087014545,-1.377575751954,-1,3.97878433370693,2.03813021162589,0.391554299905664
145.3683939,-0.487898433031233,-1.11,0.199580619607915,-0.289332789694248,1,-Inf,2.8310415996349,0.622801844210245,1.50004125683117,-1.02887676317188,-1.62787557429163,-1,3.9789590967511,1.83270941879929,0.393975490473637
146.0819315,-0.146583136715743,-1.28,0.200789409193793,0.0531217547318182,1,-Inf,2.8317652063905,0.623206594052517,1.49764561851714,-0.566691169968723,-0.759519072767704,-1,3.97934186263953,2.0599772840129,0.373459473661481
147.012998583333,-0.0310190269972679,-0.78,0.200492515083002,0.16934925263062,1,-Inf,2.83270904199061,0.625472192062939,1.49703853145605,-0.975242101681852,-1.35719122414248,-1,3.97983972202971,2.13653326171919,0.328146143411358
148.30839335,0.112402138192341,-0.62,0.197870021182458,0.311504117618653,1,-Inf,2.83401499108557,0.629367662257611,1.49512498410355,-1.24924645523998,-0.85986298850567,-1,3.98052699617528,2.23047472996776,0.281130577330695
148.539892766667,-0.635450098981931,-1.28,0.200651104888989,-0.43579817224027,1,-Inf,2.83424825873274,0.629763342864022,1.49497999508047,-0.985485561664583,-1.98139669605328,-1,3.98064953786193,1.73164880343182,0.386763554143713
149.515173,-0.0108705778361452,-1.24,-0.108498221651713,0.00382993781234618,1,-Inf,2.83488953521426,0.630216979129328,1.47332363171554,-0.0814027865384796,0.181998027037358,-1,3.98097925063895,2.01844289322248,0.379473734487088
149.549776983333,-1.46087390582811,-1.21,-0.110410630741575,-1.5735960577754,1,-Inf,2.83490648991939,0.63071931105447,1.47290403935709,-0.116569086697777,-1.54184288859052,-1,3.98098770912701,0.958049938956015,0.373618011190464
151.611832083333,0.314300265848683,-1.16,-0.10162083695393,0.207715487617165,1,-Inf,2.83592997488146,0.631315202417187,1.46341903073306,-0.622583468226973,-0.192576414818883,-1,3.98149240242977,2.14212975208239,0.254652104333067
152.15297985,-0.266684129560036,-0.52,-0.108673826271646,-0.375402224810035,1,-Inf,2.83619685650072,0.636693935014893,1.46186237574085,-1.36668424546251,-0.982951006804395,-1,3.98162259348604,1.75014956592849,0.279133129686075
152.579713133333,-0.369843482745798,-1.19,-0.106353318101032,-0.477181266155358,1,-Inf,2.83640786535527,0.637220264067529,1.46124699047765,-0.653568743882339,-1.38708249998984,-1,3.98172535209759,1.68175742453035,0.298252038765524
153.921911433333,0.127816684412412,-1.02,-0.102491011401859,0.0231748798462608,1,-Inf,2.83707500647959,0.638164660127586,1.45783711232055,-1.13433536277851,-0.645502283455004,-1,3.98204875981754,2.0139252912281,0.23668052702116
153.955504733333,-1.47374733163361,-1.2,-0.102388038199405,-1.57588155769119,1,-Inf,2.83709178753829,0.638670562341716,1.45780788458134,-1.22217609422059,-2.71416658920593,-1,3.98205686457915,0.946750940839892,0.369396946512946
154.0255296,-1.15474770943741,-1.2,-0.102173470142844,-1.25688193549473,1,-Inf,2.83712676538735,0.639175582122264,1.45774695335418,-1.08778970453621,-2.39516696701056,-1,3.98207375813681,1.15941735563741,0.48176981475696
154.271765716667,-0.60864824661728,-1.29,-0.105832889849095,-0.716388257349638,1,-Inf,2.8372481625646,0.639545114503259,1.45725873648341,-0.773896962661156,-1.49166866073735,-1,3.98213234114166,1.51948877783002,0.553874853237922
156.202721466667,0.285772321552044,-1.27,-Inf,-0.267120941064424,1,0.0949334632415615,2.8375895476189,0.639940552837468,1.42880571546442,-0.393775801582938,0.259453968003467,-1,3.98229682539168,1.81850209831061,0.461752611184525
157.432220383333,0.0897281504103143,-1.28,-Inf,-Inf,0,0.393368601092198,2.8375895476189,0.640322054175571,1.42111357720656,-0.412550340526543,-0.326771906635481,-1,3.98229682539168,-1.3,0.451692738359879
158.124341133333,-0.159818130277494,-1.18,-Inf,-Inf,0,0.500503177279808,2.8375895476189,0.640860084044173,1.41734309922642,-0.556288130052826,-0.642158200317102,-1,3.98229682539168,-1.3,0.321587160804817
158.262549533333,-0.859465560704344,-1.15,-Inf,-Inf,0,0.519060021157601,2.8375895476189,0.641455686045106,1.4167625249812,-0.622623481963667,-1.45687370062283,-1,3.98229682539168,-1.3,0.43896374346012
159.974827133333,0.233574175279719,-1.04,-Inf,-Inf,0,0.700394723972499,2.8375895476189,0.642324362105827,1.40921913625304,-0.570229135568739,-0.347221532905521,-1,3.98229682539168,-1.3,0.388937912976144
160.57012685,-0.225264324150998,-1.28,-Inf,-Inf,0,0.749096716500233,2.8375895476189,0.642702737334785,1.40681320237946,-0.614751001142629,-0.84848389992347,-1,3.98229682539168,-1.3,0.374479997116664
161.635422683333,0.027470228378762,-1.13,-Inf,-Inf,0,0.824583013713467,2.8375895476189,0.64333684540202,1.40301624230798,-0.623974691956503,-0.65343217562609,-1,3.98229682539168,-1.3,0.384514642720029
163.629133833333,0.299662237702818,-1.25,-Inf,-Inf,0,0.938055979646548,2.8375895476189,0.643755035845012,1.39675758939059,-0.732980079479718,-0.441412769580965,-1,3.98229682539168,-1.3,0.207173685786387
165.7397267,0.324404465987503,-1.28,-Inf,-Inf,0,1.03267230678128,2.8375895476189,0.64413154720519,1.39094992020709,-0.848223374224195,-0.479925450398252,-1,3.98229682539168,-1.3,0.0592584682438956
166.710140983333,-0.0130428198010104,-1.1,-Inf,-Inf,0,1.0701023028216,2.8375895476189,0.644831342115592,1.38846601663496,-0.772498676514337,-0.852941018902836,-1,3.98229682539168,-1.3,-0.000302074437731317
167.325126783333,-0.211134911952759,-1.14,-Inf,-Inf,0,1.09225485358776,2.8375895476189,0.645439462930256,1.3869597768893,-1.11906037649398,-1.07217709357748,-1,3.98229682539168,-1.3,0.049388648912749
170.74398495,0.533881084209372,-1.26,-Inf,-Inf,0,1.19826074828323,2.8375895476189,0.645840544782349,1.37926913673934,-0.976014752539335,-0.368701689067096,-1,3.98229682539168,-1.3,0.00497335553284321
171.848848216667,0.0433085348478432,-1.29,-Inf,-Inf,0,1.22764123853734,2.8375895476189,0.646201672947085,1.37715400505661,-0.956562211486317,-0.934234900559042,-1,3.98229682539168,-1.3,-0.0153393109796905
171.966022816667,-0.931166520360153,-1.19,-Inf,-Inf,0,1.23064367943435,2.8375895476189,0.646711013764811,1.37693392691524,-0.989576344635121,-1.91816343102639,-1,3.98229682539168,-1.3,-0.00816921501410961
175.21471545,0.511708623637425,-1.29,-Inf,-Inf,0,1.30656050505027,2.8375895476189,0.647071058504391,1.37088896293872,-1.04693650668233,-0.482475643408012,-1,3.98229682539168,-1.3,-0.0359826598498802
177.381871033333,0.335890091087999,-1.12,-Inf,-Inf,0,1.35070288818781,2.8375895476189,0.647717607531406,1.36720582584789,-0.884988408521583,-0.70251773129692,-1,3.98229682539168,-1.3,-0.09209810137378
179.836824483333,0.390043261591453,-1.12,-Inf,-Inf,0,1.3958229171135,2.8375895476189,0.648362715965388,1.36335180597517,-0.996675662971688,-0.686590120628112,-1,3.98229682539168,-1.3,-0.128355404695049
179.995335,-0.799941918438206,-1.29,-Inf,-Inf,0,1.39858120506155,2.8375895476189,0.648720713843234,1.36300425218715,-1.1023456145688,-1.73358424433789,-1,3.98229682539168,-1.3,-0.0183949890809466
182.192486516667,0.341860007117736,-1.28,-Inf,-Inf,0,1.43511285252415,2.8375895476189,0.64909082686662,1.35980490726619,-1.21162223721209,-0.771317685701028,-1,3.98229682539168,-1.3,-0.0201405431939698
183.112778533333,-0.0360743453673992,-1.21,-Inf,-Inf,0,1.44954598380734,2.8375895476189,0.64956148305353,1.35852096777672,-1.27127884522887,-1.17007665918203,-1,3.98229682539168,-1.3,-0.017837390637331
183.223909383333,-0.954165363876886,-1.08,-Inf,-Inf,0,1.45125685473815,2.8375895476189,0.650297349178846,1.35831715413269,-0.846649163415067,-1.97013199244959,-1,3.98229682539168,-1.3,0.0564656545550818
184.236611816667,0.00548185350856797,-1.29,-Inf,-Inf,0,1.466544585379,2.8375895476189,0.650652964357658,1.35705056302157,-1.15230860084755,-1.17746386296799,-1,3.98229682539168,-1.3,0.109305577625162
184.4437237,-0.683794982139744,-0.53,-Inf,-Inf,0,1.46960593667778,2.8375895476189,0.655517707779644,1.35664406300384,-1.00873741108001,-1.6718764135601,-1,3.98229682539168,-1.3,0.182015929323921
185.064416066667,-0.207123595576302,-1.18,-Inf,-Inf,0,1.47865332501241,2.8375895476189,0.656028252190325,1.35584669026546,-1.11940150983377,-1.37987749031521,-1,3.98229682539168,-1.3,0.109611636845536
187.788577366667,0.435232818962476,-1.29,-Inf,-Inf,0,1.51627326199765,2.8375895476189,0.65637690178169,1.35221569188305,-1.26165414914383,-0.723725799888776,-1,3.98229682539168,-1.3,0.117259217313031
188.23973185,-0.345674722487293,-1.29,-Inf,-Inf,0,1.52220073005008,2.8375895476189,0.656725132036559,1.35170899992784,-1.27247980268625,-1.58107793174717,-1,3.98229682539168,-1.3,0.18541569867056
188.37253425,-0.876794076343457,-1.07,-Inf,-Inf,0,1.5239302455566,2.8375895476189,0.657468233145066,1.35160422068415,-1.18155418137056,-2.26585244061609,-1,3.98229682539168,-1.3,0.312099432464051
189.050398183333,-0.168857472700673,-0.8,-Inf,-Inf,0,1.53265248837257,2.8375895476189,0.659347897007448,1.35110304555078,-1.9874866198407,-1.5864411394629,-1,3.98229682539168,-1.3,0.248990987890297
191.791296133333,0.437892866047728,-1.21,-Inf,-Inf,0,1.56623589771503,2.8375895476189,0.65980218415151,1.35055683436603,-1.98748661983955,-1.54959375379188,-1,3.98229682539168,-1.3,0.239387701997298
195.401142666667,0.557488738985101,-0.87,-Inf,-Inf,0,1.60684062680927,2.8375895476189,0.661267362286453,1.34983640773304,-1.98748661984045,-1.42999788085462,-1,3.98229682539168,-1.3,0.180031393562048
203.739302133333,0.921070196718694,-1.19,-Inf,-Inf,0,1.68824984989558,2.8375895476189,0.661750898834702,1.34816775663391,-1.98748661983933,-1.06641642312094,-1,3.98229682539168,-1.3,-0.00749216249750973
208.116289083333,0.641175251764716,-1.1,-Inf,-Inf,0,1.72556774699998,2.8375895476189,0.662409424515698,1.34728925137588,-1.98748661984072,-1.34631136807491,-1,3.98229682539168,-1.3,-0.0710615023231246
209.304140916667,0.0747622723128474,-1.17,-Inf,-Inf,0,1.73516553395027,2.8375895476189,0.662925474560926,1.34705053068248,-1.9874866198397,-1.91272434752678,-1,3.98229682539168,-1.3,-0.146917227768384
209.790875083333,-0.312708167062441,-1.03,-Inf,-Inf,0,1.73903786968345,2.8375895476189,0.663760459133633,1.3469526745785,-1.9874866198398,-2.3001947869021,-1,3.98229682539168,-1.3,-0.13635877061977
211.610384066667,0.25995420413905,-0.42,-Inf,-Inf,0,1.75321514343695,2.8375895476189,0.670536259508031,1.34658667363189,-1.98748661984001,-1.72753241570064,-1,3.98229682539168,-1.3,-0.118830909137427
213.04188785,0.155792500159659,-1.29,-Inf,-Inf,0,1.76405270601661,2.8375895476189,0.670867878904595,1.34629850440947,-1.9874866198401,-1.83169411967993,-1,3.98229682539168,-1.3,-0.168977631402122
213.659953816667,-0.208965169845796,-1.16,-Inf,-Inf,0,1.7686496155112,2.8375895476189,0.671386681420969,1.34617402536233,-1.98748661983868,-2.19645178968542,-1,3.98229682539168,-1.3,-0.235760522051888
214.494372333333,-0.0786160670013174,-1.25,-Inf,-Inf,0,1.77477946903638,2.8375895476189,0.671766283251153,1.34600591609668,-1.98748661983945,-2.06610268684096,-1,3.98229682539168,-1.3,-0.244784662621824
214.5337724,-1.40450304332814,-1.18,-Inf,-Inf,0,1.77506678392627,2.8375895476189,0.672248987974549,1.34599797660493,-1.987486619839,-3.39198966316987,-1,3.98229682539168,-1.3,-0.0605450716842371
230.093080766667,1.1919902880768,-1.03,-Inf,-Inf,0,1.87584045991619,2.8375895476189,0.673057549380952,1.34285122524469,-1.98748661983996,-0.795496331762848,-1,3.98229682539168,-1.3,-0.123995226593407
231.6705032,0.197948012858454,-1.27,-Inf,-Inf,0,1.88486390397962,2.8375895476189,0.673409792500797,1.34253092695594,-1.9874866198392,-1.78953860698105,-1,3.98229682539168,-1.3,-0.0516830082073833
234.559767416667,0.460787258906671,-0.89,-Inf,-Inf,0,1.90092054184095,2.8375895476189,0.674714758725082,1.34194364368225,-1.98748661983959,-1.52669936093298,-1,3.98229682539168,-1.3,-0.0336442089215788
237.440564266667,0.459512633485294,-1.1,-Inf,-Inf,0,1.91636006108897,2.8375895476189,0.675344480248487,1.34135728977263,-1.98748661983954,-1.52797398635436,-1,3.98229682539168,-1.3,-0.0721192450388234
238.355943616667,-0.0383988890271474,-1.2,-Inf,-Inf,0,1.92115327213441,2.8375895476189,0.675789462360053,1.34117080870373,-1.98748661983988,-2.02588550886666,-1,3.98229682539168,-1.3,-0.0995501728423528
240.864638333333,0.399447815187162,-0.72,-Inf,-Inf,0,1.93402471514113,2.8375895476189,0.678113614632245,1.34065932663402,-1.98748661983921,-1.58803880465255,-1,3.98229682539168,-1.3,-0.113499533947164
245.346335283333,0.65144248642652,-0.82,-Inf,-Inf,0,1.9561104779624,2.8375895476189,0.679747781603601,1.33974407946449,-1.98748661983991,-1.3360441334131,-1,3.98229682539168,-1.3,-0.16306453257385
252.586356383333,0.859739831887783,-1.25,-Inf,-Inf,0,1.98957420953553,2.8375895476189,0.680116584860826,1.33826144343052,-1.98748661983897,-1.12774678795184,-1,3.98229682539168,-1.3,-0.269935032747208
259.5766969,0.844498331812545,-1.3,-Inf,-Inf,0,2.01960765613582,2.8375895476189,0.680426530617428,1.33682511901108,-1.98748661983895,-1.1429882880271,-1,3.98229682539168,-1.3,-0.362246472628594
263.926484783333,0.638468079174416,-1.27,-Inf,-Inf,0,2.03729932776143,2.8375895476189,0.680769926974475,1.33592895260921,-1.98748661983904,-1.34901854066522,-1,3.98229682539168,-1.3,-0.56654358487885
269.560383783333,0.750809057038141,-0.74,-Inf,-Inf,0,2.05919214486442,2.8375895476189,0.682902665558422,1.33476547131145,-1.98748661983908,-1.23667756280152,-1,3.98229682539168,-1.3,-0.522425461774984
319.704847933333,1.70022299474803,-1.22,-Inf,-Inf,0,2.21681606619575,2.8375895476189,0.683307274579798,1.32427023393431,-1.98748661984066,-0.28726362509161,-1,3.98229682539168,-1.3,-0.672652959963941
326.67324145,0.843132668017289,-1,-Inf,-Inf,0,2.23480783950231,2.8375895476189,0.684170421289827,1.32279146847291,-1.98748661983918,-1.14435395182236,-1,3.98229682539168,-1.3,-0.710887500875003
345.083601566667,1.2650622836236,-1.19,-Inf,-Inf,0,2.27903969318319,2.8375895476189,0.68461721009788,1.31886020041318,-1.9874866198396,-0.722424336216046,-1,3.98229682539168,-1.3,-0.791442465888834
345.946905516667,-0.0638362719936566,-1.26,-Inf,-Inf,0,2.28100723605083,2.8375895476189,0.684967561973378,1.31867497787678,-1.98748661983996,-2.05132289183296,-1,3.98229682539168,-1.3,-0.788898727592183
373.538046116667,1.44076965430474,-0.56,-Inf,-Inf,0,2.33960972344881,2.8375895476189,0.688869782033478,1.31271328216227,-1.98748661983909,-0.546716965534909,-1,3.98229682539168,-1.3,-0.893030911503941
391.287500883333,1.24918501680154,-0.9,-Inf,-Inf,0,2.37351720727345,2.8375895476189,0.690065122344099,1.30883439248692,-1.98748661983999,-0.738301603038085,-1,3.98229682539168,-1.3,-0.952805164541443
394.67610985,0.530021455701629,-0.91,-Inf,-Inf,0,2.3797001245141,2.8375895476189,0.691215214163523,1.30808990578484,-1.98748661984026,-1.45746516413804,-1,3.98229682539168,-1.3,-0.919833326922827
403.88370275,0.964146109362828,-1.26,-Inf,-Inf,0,2.39606904834947,2.8375895476189,0.691557676928377,1.30606050323745,-1.9874866198388,-1.02334051047683,-1,3.98229682539168,-1.3,-0.931798104677856
449.510163183333,1.65921677879027,-1.19,-Inf,-Inf,0,2.46916163043552,2.8375895476189,0.69199321872629,1.29586183838221,-1.9874866198404,-0.328269841049367,-1,3.98229682539168,-1.3,-1.03387297463944
498.45776445,1.6897314135615,-0.1,-Inf,-Inf,0,2.53592594100581,2.8375895476189,0.710189577134537,1.2846477952225,-1.98748661983933,-0.297755206278141,-1,3.98229682539168,-1.3,-1.12776521029178
500.70204,0.351076178117864,-0.88,-Inf,-Inf,0,2.53875420308052,2.8375895476189,0.711379492149293,1.28412661654726,-1.98748661983958,-1.63641044172171,-1,3.98229682539168,-1.3,-0.992850528628761
503.6246446,0.46577006350878,-1.3,-Inf,-Inf,0,2.54240990719465,2.8375895476189,0.711657729301387,1.28344697344174,-1.98748661984006,-1.52171655633086,-1,3.98229682539168,-1.3,-0.95511426817791
506.01757285,0.378929676843168,-1.16,-Inf,-Inf,0,2.54538032831299,2.8375895476189,0.712108409424577,1.28288971199798,-1.98748661984052,-1.60855694299648,-1,3.98229682539168,-1.3,-0.866501007499867
518.019544416667,1.07925259356369,-1.25,-Inf,-Inf,0,2.55997977525262,2.8375895476189,0.712438234025914,1.2800838730643,-1.98748661984008,-0.90823402627594,-1,3.98229682539168,-1.3,-0.980809894055602
543.414871966667,1.40475381874919,-1.3,-Inf,-Inf,0,2.58934236429156,2.8375895476189,0.71271545607423,1.27408647485885,-1.98748661984038,-0.582732801090465,-1,3.98229682539168,-1.3,-0.977208310500046
544.987132133333,0.196524411677255,-1.11,-Inf,-Inf,0,2.59109660402517,2.8375895476189,0.713249060721378,1.27371243090693,-1.9874866198398,-1.79096220816233,-1,3.98229682539168,-1.3,-0.871942249987618
553.625904033333,0.936452006950785,-1.18,-Inf,-Inf,0,2.60061083984636,2.8375895476189,0.713667377886343,1.27165148148081,-1.98748661983993,-1.05103461288884,-1,3.98229682539168,-1.3,-0.912585305112533
563.535465866667,0.996054451904802,-0.65,-Inf,-Inf,0,2.61127398793324,2.8375895476189,0.716263013976191,1.26927525279432,-1.9874866198398,-0.991432167934831,-1,3.98229682539168,-1.3,-0.915776139366731
567.8714853,0.637091219971875,-1.23,-Inf,-Inf,0,2.61585864859456,2.8375895476189,0.716611381153568,1.26823140909065,-1.9874866198403,-1.3503953998678,-1,3.98229682539168,-1.3,-0.813563583484891
572.107950716667,0.627003665502221,-1.19,-Inf,-Inf,0,2.62029178276546,2.8375895476189,0.717010843960129,1.26720910287644,-1.98748661983964,-1.3604829543374,-1,3.98229682539168,-1.3,-0.707290808678963
572.711203166667,-0.219500905607613,-1.06,-Inf,-Inf,0,2.62091937532893,2.8375895476189,0.71763559665413,1.26706333542369,-1.98748661984034,-2.20698752544724,-1,3.98229682539168,-1.3,-0.650233100306415
579.39282685,0.824882012030331,-1.08,-Inf,-Inf,0,2.62781060582953,2.8375895476189,0.718217436158419,1.26544553472996,-1.98748661983955,-1.16260460780933,-1,3.98229682539168,-1.3,-0.68614429515857
587.558351,0.911984067596448,-1.15,-Inf,-Inf,0,2.63608646841282,2.8375895476189,0.718673499122877,1.26346022394625,-1.98748661983897,-1.0755025522432,-1,3.98229682539168,-1.3,-0.739449734233898
589.02680995,0.166861810553979,-1.2,-Inf,-Inf,0,2.63755818297921,2.8375895476189,0.719056672557442,1.26310222787235,-1.98748661983946,-1.82062480928562,-1,3.98229682539168,-1.3,-0.648210655932927
608.693998083333,1.29374227219842,-1.12,-Inf,-Inf,0,2.65680285580739,2.8375895476189,0.719561019889731,1.25827889572247,-1.98748661983985,-0.69374434764121,-1,3.98229682539168,-1.3,-0.63710950127785
681.5410879,1.86241220673321,-1.25,-Inf,-Inf,0,2.72146657905636,2.8375895476189,0.719882467657533,1.23993158732077,-1.98748661984005,-0.125074413106432,-1,3.98229682539168,-1.3,-0.803698280783446
790.77548635,2.03835942137772,-0.92,-Inf,-Inf,0,2.80333219625886,2.8375895476189,0.720885043421694,1.21087996664723,-1.98748661983931,0.0508728015380779,-1,3.98229682539168,-1.3,-0.91388902222614
812.23374455,1.33159446670593,-1.15,-Inf,-Inf,0,2.81774734315144,2.8375895476189,0.721336926970087,1.20493731698233,-1.98748661983895,-0.655892153133704,-1,3.98229682539168,-1.3,-0.947443023706252
838.487566416667,1.41919253420999,-1.17,-Inf,-Inf,0,2.83475705237238,2.8375895476189,0.721758013945267,1.19755420878336,-1.98748661984072,-0.568294085629657,-1,3.98229682539168,-1.3,-1.02565315513006
913.095181083333,1.87278315507251,-1.3,-Inf,-Inf,0,2.87974756841931,2.8375895476189,0.722026458551538,1.1758607798804,-1.98748661983996,-0.114703464767135,-1,3.98229682539168,-1.3,-1.15023110408709
927.72761815,1.16531666491277,-1.02,-Inf,-Inf,0,2.88804981582517,2.8375895476189,0.722731353804254,1.17147603728631,-1.98748661983964,-0.822169954926864,-1,3.98229682539168,-1.3,-1.28871286113913
932.468951533333,0.675900493486351,-1.17,-Inf,-Inf,0,2.89070629290636,2.8375895476189,0.723150419088208,1.17004570442065,-1.98748661984075,-1.3115861263533,-1,3.98229682539168,-1.3,-1.27381470928473
3185.93114068333,3.35285027543949,-0.99,-Inf,0.253776342930119,1,2.89789155136258,2.83872039906621,0.723929142533104,-10,-4.13606062439948,1.17069492579416,-1,3.98272115435793,2.09318210050111,-1.51790133006904
3185.93121541667,-4.126485646368,-0.98,-Inf,-Inf,0,2.89789159242146,2.83872039906621,0.724733031895681,-10,-4.13606062439948,-8.26254627060879,1,3.98272115435793,-1.3,-1.08856658437684
